Age,"Associate degree (A.A., A.S., etc.)","Bachelor’s degree (B.A., B.S., B.Eng., etc.)","Master’s degree (M.A., M.S., M.Eng., MBA, etc.)",Primary/elementary school,"Professional degree (JD, MD, Ph.D, Ed.D, etc.)","Secondary school (e.g. American high school, German Realschule or Gymnasium, etc.)",Some college/university study without earning a degree,Something else
18-24 years old,132,1468,299,25,20,495,496,53
25-34 years old,231,3985,2178,30,157,288,843,76
35-44 years old,176,2115,1685,26,249,197,665,36
45-54 years old,68,783,616,7,153,70,344,12
55-64 years old,22,237,196,4,65,17,88,3
65 years or older,4,25,22,2,13,1,7,1
Prefer not to say,0,11,4,0,2,2,3,2
Under 18 years old,1,5,0,38,2,73,10,7
